Mint Finance Panel,Last Updated,Lender,Product Type,Location, Min Loan , Max Loan ,Min Term,Max Term,Monthly Interest From,Monthly Interest To,Min Trading Months,Min Monthly Turnover,Existing Lending Required,PG Required,Homeowner Required,Other Security,Additional Criteria,Product USP,Submission
TRUE,,365 Finance,Merchant Cash Advance,"Eng, Scot, Wales, NI",10000,500000,,,,,6,10000,No,Yes,No,N/A,Must process payments through a card machine and/or online payment system,"Flexible as repayments based on a Sweep % of monthly card / online sales, Factor Rates from 1.2",https://365businessfinance.my.site.com/partner/login
TRUE,,Aldermore,Asset Finance,,,,,,,,,,,,,,,,
TRUE,,Aldermore,Invoice Finance,,,,,,,,,,,,,,,,
TRUE,,Asset Advantage,Asset Finance,,,,,,,,,,,,,,,,
TRUE,,Asset Advantage,CapEx Term Loan,,75000,500000,36,60,,,0,,,,,,,,
TRUE,,Bibby,Invoice Finance,"Eng, Scot, Wales, NI",100000,1000000,6,12,,,0,,No,Yes,No,Debenture,,"Competitive Pricing, 90% Prepayment available, Export funding, Flexible funding, confidential, Bad debt protection available, Quick turnaround time, Assigned relationship team",christopher.stanton@bibbyfinancialservices.com
TRUE,,Bibby,Invoice Finance,"Eng, Scot, Wales, NI",50000,20000000,6,12,,,0,,No,Yes,Yes,Debenture,"Construction IF only, Directors required to complete a A&L Statement, contracts with top customers need to be reviewed ","Fund stage payements, Fund application for payments, Fund Certified and Uncertified payments. One of two lenders who offer this finance. Assigned relationship team",christopher.stanton@bibbyfinancialservices.com
TRUE,,Bibby,Invoice Finance,"Eng, Scot, Wales, NI",50000,100000,,,,,0,10000,No,Yes,No,Debenture,"Forward Finance product, Minimum yearly turnover at least 120,000. May be required to provide cashflow forecasts.","Rolling Contract, No set up fee, One set fee, no contract length, 28 days notice ",christopher.stanton@bibbyfinancialservices.com
TRUE,,Bibby,Invoice Finance,"Eng, Scot, Wales, NI",1000000,20000000,6,24,,,0,,No,Yes,No,Debenture,Directors may be required to complete an A&L Statement,"Competitive Pricing, 90% Prepayment available, Export funding, Flexible funding, confidential, Bad debt protection available, Quick turnaround time, Assigned relationship team",christopher.stanton@bibbyfinancialservices.com
TRUE,Apr-26,Bizcap,Unsecured Loan,"Eng, Scot, Wales, NI",5000,500000,3,12,0.013,,4,12000,No,Yes,No,N/A,"Construction and transportation businesses require minimum 1 year trading and Â£30000 monthly revenue for , Businesses with defaults and judgements are accepted","Daily or weekly repayments, Early payment discounts available, Options on Factor Rates / Commission",https://applications.bizcap.co.uk/?partnerid=e13077f1-8e0c-4c36-85ce-197da59be64f
TRUE,,Capify,Unsecured Loan,"Eng, Scot, Wales",10000,250000,7,18,,,6,10000,No,Yes,No,N/A,Need at least Â£500 headroom for end of day balances,"Happy to lend with existing Debenture, Factor Rates from 1.2, Same day funding possible, Daily or Weekly Repayments",proposals@capify.co.uk
TRUE,,Capify,Asset Finance,"Eng, Scot, Wales",50000,1000000,6,24,,,6,10000,No,Yes,Yes,N/A,Need at least Â£500 headroom for end of day balances,"Happy to lend with existing Debenture, Factor Rates from 1.12, Funding within 48 hours, Daily or Weekly Repayments",proposals@capify.co.uk
TRUE,,Capify,Unsecured Loan,"Eng, Scot, Wales",5000,250000,3,6,,,3,10000,No,Yes,No,N/A,Need at least Â£500 headroom for end of day balances,"Can look at poor credit previous insolvencies CCJ's & Defaults, Factor Rates from 1.35, Same Day Funding, Daily or Weekly Repayments",proposals@capify.co.uk
TRUE,,CubeFunder,Unsecured Loan,"Eng, Wales",5000,100000,3,12,,,3,4000,No,Yes,No,"Assets needed for security, Cross corporate guarantee",Won't deal with business's with more than 3 directors,"Monthly interest rate and only pay on outstanding loan amount, No ERC, Monthly repayments",https://www.cubefunder.com/brokers/
TRUE,,CubeFunder,Unsecured Loan,"Eng, Wales",10000,100000,12,24,,,3,10000,No,Yes,No,"Assets needed for security, Cross corporate guarantee",Won't deal with business's with more than 3 directors,"Monthly interest rate and only pay on outstanding loan amount, No ERC, Monthly repayments",https://www.cubefunder.com/brokers/
TRUE,,Elect Capital,Unsecured Loan,"Eng, Scot, Wales, NI",5000,75000,0,6,,,12,25000,Yes,Yes,No,N/A,"Need a breakdown of existing lending, Good personal credit, Good strong end of day balances over Â£600","Daily weekly or revenue linked payments, Rates from 1.29%- 1.5%",daniel@electcapital.com
TRUE,,Elect Capital,Unsecured Loan,"Eng, Scot, Wales, NI",75001,750000,0,6,,,12,25000,Yes,Yes,No,Yes on loans > £75k,"Need a breakdown of existing lending, Good personal credit, Good strong end of day balances over Â£600","Daily weekly or revenue linked payments, Rates from 1.29%- 1.5%",daniel@electcapital.com
TRUE,Apr-26,Fleximize,Unsecured Loan,"Eng, Scot, Wales, NI",10000,250000,12,60,0.009,0.029,12,0,No,Yes,Yes,N/A,Loan amt must not exceed 2 x monthly revenue,"No Early Repayment Charges, Only pay interest on time loan is active so can save on total repayment by repaying early, Monthly Rates between 1.9% - 3.9%, Monthly Repayment",https://partners.fleximize.com/login
TRUE,Apr-26,Fleximize,Unsecured Loan,"Eng, Scot, Wales, NI",10000,500000,3,12,0.019,0.039,6,0,No,Yes,Yes,N/A,Loan amt must not exceed 2 x monthly revenue,"No Early Repayment Charges, Only pay interest on time loan is active so can save on total repayment by repaying early, Monthly Rates between 0.9% - 2.9%, Monthly Repayment",https://partners.fleximize.com/login
FALSE,,Funding Alternative,Unsecured Loan,"Eng, Scot, Wales, NI",10000,250000,0,9,,,6,12500,No,Yes - All Directors,No,N/A,,"Rates from 1.2-1.6, Daily weekly repayments or variable payments based on cash receipts",applications@fundingalternative.co.uk
FALSE,,Funding Alternative,Merchant Cash Advance,"Eng, Wales",5000,250000,3,9,,,6,5000,No,Yes - All Directors,No,N/A,Monthly card sales of at least Â£5000,Fixed percentage of daily card payments,applications@fundingalternative.co.uk
FALSE,,Funding Alternative,Invoice Finance,"Eng, Wales",0,300000,0,0,,,6,12500,No,Yes,No,Debenture,"Service completed or product supplied at time of invoice, Up to 90% of invoice value paid","No contractual arrangement, can be done on selected invoices not the whole debtor book, Bad debt protection is provided, Will do export invoices to global suppliers",applications@fundingalternative.co.uk
TRUE,Apr-26,Funding Circle,Unsecured Loan,"Eng, Scot, Wales, NI",10000,750000,6,60,0.0058,0.06,12,0,No,Yes,No,N/A,,,https://www.fundingcircle.com/uk/auth/login?client_id=5c4a9jl1iar89wigrejkt17j51iwdrt&redirect_uri=https%3A%2F%2Fwww.fundingcircle.com%2Fauth%2Ffunding_circle_oauth2%2Fcallback&response_type=code&state=02ad27ded2da472fc1fc6048a1c6c22c340388e86994bf8e
TRUE,,Got Capital,Unsecured Loan,"Eng, Scot, Wales, NI",1000,200000,3,6,,,3,10000,No,No,No,N/A,"Don't do Law Firms, Arrangement Fee 3% on offers below 10k / 2% on offers above 10k - taken off loan amount","No Personal Guarantee Required, Weekly Repayments, Happy to lend with existing Debenture",luca@gotcapital.co.uk
TRUE,Apr-26,iwoca,Unsecured Loan,"Eng, Scot, Wales, NI",0,1000000,12,12,0.0159,,12,5000,No,Yes,No,N/A,Instant Decisions available up to £100k,No Early Repayment Charges,https://www.iwoca.co.uk/introducer/portal
TRUE,Apr-26,iwoca,Unsecured Loan,"Eng, Scot, Wales, NI",0,1000000,15,15,0.0159,,12,5000,No,Yes,No,N/A,Instant Decisions available up to £100k,"No Early Repayment Charges, 3m interst only + 12m repayments",https://www.iwoca.co.uk/introducer/portal
TRUE,Apr-26,iwoca,Unsecured Loan,"Eng, Scot, Wales, NI",0,1000000,24,24,0.0108,,12,5000,No,Yes,No,N/A,Instant Decisions available up to £100k,No Early Repayment Charges,https://www.iwoca.co.uk/introducer/portal
TRUE,,Lending Crowd,Unsecured Loan,"Eng, Scot, Wales",75000,350000,6,60,,,24,10000,No,Yes,Yes,N/A,"No Active CCJ's above Â£1500, No failed businesses in last 2 years, Director in place for at least 2 years, No Property Development",Monthly Repayment,https://brokers.lendingcrowd.com/login
TRUE,,Lending Crowd,Asset Finance,"Eng, Scot, Wales",75000,500000,6,60,,,24,10000,No,Yes,Yes,N/A,"No Active CCJ's above Â£1500, No failed businesses in last 2 years, Director in place for at least 2 years, No Property Development",Monthly Repayment,https://brokers.lendingcrowd.com/login
TRUE,,Little Business Loans,Unsecured Loan,"Eng, Wales",3000,20000,1,12,,,6,5000,No,Yes,No,Secured against non fixed assets eg vehicles stock machinery,,"Rates from 3% pm, Daily weekly or monthly repayments",https://littlebusinessloans.com/brokers/
TRUE,,Max Cap,Unsecured Loan,"Eng, Scot, Wales, NI",10000,100000,6,12,,,12,15000,No,Yes,No,N/A,"Good end of day balances, No more than 3 existing lenders","Weekly or Monthly Payments, Happy to lend with existing Debenture",https://brokerportal.maxcap.co.uk/BrokerLogin.php
TRUE,,Max Cap,Unsecured Loan,"Eng, Scot, Wales, NI",100001,250000,6,12,,,12,15000,No,Yes,Yes,N/A,"Good end of day balances, No more than 3 existing lenders","Weekly or Monthly Payments, Happy to lend with existing Debenture",https://brokerportal.maxcap.co.uk/BrokerLogin.php
TRUE,,Momenta,Unsecured Loan,"Eng, Scot, Wales, NI",50000,350000,6,72,,,24,30000,No,Yes,Yes,N/A,"Not Loss Making on Accounts, Must have Solvent Balance Sheet, No more than 3 failed payments in bank statements","Rates Competitive with FC, Happy to re-finance existing lending, Monthly Repayment",https://merchantmoney.my.site.com/login?ec=302&startURL=%2Fs%2Fapplication-submission
TRUE,,Momenta,Asset Finance,"Eng, Scot, Wales, NI",50000,1500000,6,72,,,24,30000,No,Yes,Yes,N/A,"Not Loss Making on Accounts, Must have Solvent Balance Sheet, No more than 3 failed payments in bank statements, 1st or 2nd Charge basis, Primary Residence not acceptable, Resi 75% LTV - Commercial 65% LTV, RICS Valuation required","Rates Competitive with FC, Happy to re-finance existing lending, Monthly Repayment",https://merchantmoney.my.site.com/login?ec=302&startURL=%2Fs%2Fapplication-submission
TRUE,,Momenta,Asset Finance,"Eng, Scot, Wales, NI",200000,5000000,0,24,,,24,30000,No,Yes,Yes,N/A,"Not Loss Making on Accounts, Must have Solvent Balance Sheet, No more than 3 failed payments in bank statements, 1st charge basis, Primary Residence not acceptable, Up to 75% LTV, RICS Valuation required, Clear view of Exit Plan (sale or re-finance onto longer term debt), Must have proven track record in similar projects","Interest can be rolled up across full term (subject to LTV) or served monthly if property generates rental income, starting from 1% per month (fixed or variable)",https://merchantmoney.my.site.com/login?ec=302&startURL=%2Fs%2Fapplication-submission
TRUE,,Momenta,Asset Finance,"Eng, Scot, Wales, NI",200000,4000000,0,24,,,24,30000,No,Yes,Yes,N/A,"Not Loss Making on Accounts, Must have Solvent Balance Sheet, No more than 3 failed payments in bank statements, 1st charge basis, Primary Residence not acceptable, Up to 70% LTV, RICS Valuation required, Clear view of Exit Plan (sale or re-finance onto longer term debt), Must have proven track record in similar projects","Interest can be rolled up across full term (subject to LTV) or served monthly if property generates rental income, 1.3% per month (fixed for the term of loan)",https://merchantmoney.my.site.com/login?ec=302&startURL=%2Fs%2Fapplication-submission
TRUE,,Momenta,Asset Finance,"Eng, Scot, Wales, NI",0,1500000,0,24,,,24,30000,No,Yes,Yes,N/A,"Not Loss Making on Accounts, Must have Solvent Balance Sheet, No more than 3 failed payments in bank statements, 1st charge basis, Up to 65% LTV, RICS Valuation required, Clear view of Exit Plan (re-finance at end of Term Loan)","Interest only up to 24 months, Rates starting at SONIA + 7% per annum, Monthly Repayment",https://merchantmoney.my.site.com/login?ec=302&startURL=%2Fs%2Fapplication-submission
TRUE,,Momenta,Asset Finance,"Eng, Wales",50000,250000,24,60,,,24,17000,No,Yes,Yes,N/A,"Finance Lease & Hire Purchase available, No Vehicles, Vendor Quote or Pro-forma Invoice required, Soft Assets","Assets they can finance = Catering equipment IT & Comms equipment Security equipment Office furniture & fittings Telecoms & Video conferencing Scaffolding Gym equipment, Monthly Repayment",https://merchantmoney.my.site.com/login?ec=302&startURL=%2Fs%2Fapplication-submission
TRUE,,My Cashline,Unsecured Loan,"Eng, Scot, Wales, NI",5000,100000,12,24,,,12,15000,No,Yes,No,N/A,"Don't do car sales, Send 1 Year Filed Accounts is positive (but not required), Arrangement Fees from 4%","Monthly Repayments, No ERC, Monthly Rates between 2.75% - 4%",brokers@mycashline.co.uk
TRUE,,Nationwide Finance,Secured Loan,"Eng, Wales",25000,1000000,12,60,,,0,10000,No,No,Yes,"1st or 2nd Charge on Residential or Commercial Property, Property Owners have to be Director or Shareholder of the business,","Needs to be used to re-finance Assets, Have to be VAT registered","LTV up to 60% of equity, No Valuations Needed, No Exit or Solicitor Fees, Annual Rates between 6%-8%, Will look at Business / Clients with Poor Credit",https://urldefense.proofpoint.com/v2/url?u=http-3A__www.nationwidefinance.co.uk&d=DwMFAw&c=euGZstcaTDllvimEN8b7jXrwqOf-v5A_CdpgnVfiiMM&r=BlTrvyXoXAqFtTdyJAv6INyzHHVgN6NncdXYs-AKo-k&m=Ax6Op2eufF_NxbtG8UogRtkk1-XILeW4oLcz1YgaiKkdHbKgl9DAr2C3enZrFMC9&s=6MaSkctFgqeNdXMM3PC4004ekxkhinXVviKc0eU8v2Q&e=
TRUE,,Nationwide Finance,Secured Loan,"Eng, Wales",25000,1000000,12,60,,,0,10000,No,No,Yes,"1st or 2nd Charge on Residential or Commercial Property, Property Owners have to be Director or Shareholder of the business,",,"LTV up to 60% of equity, No Valuations Needed, No Exit or Solicitor Fees, Annual Rates between 12-14%, Will look at Business / Clients with Poor Credit",https://urldefense.proofpoint.com/v2/url?u=http-3A__www.nationwidefinance.co.uk&d=DwMFAw&c=euGZstcaTDllvimEN8b7jXrwqOf-v5A_CdpgnVfiiMM&r=BlTrvyXoXAqFtTdyJAv6INyzHHVgN6NncdXYs-AKo-k&m=Ax6Op2eufF_NxbtG8UogRtkk1-XILeW4oLcz1YgaiKkdHbKgl9DAr2C3enZrFMC9&s=6MaSkctFgqeNdXMM3PC4004ekxkhinXVviKc0eU8v2Q&e=
TRUE,,Nucleus,Unsecured Loan,"Eng, Scot, Wales",10000,250000,3,24,,,12,15000,No,Yes,Yes,Yes on loans > £100k,,"Monthly Repayments, Will do Legal Firms, Monthly Rates of 1.99% - 2.49%, Will lend even if insolvent or loss making",https://www.myfundingportal.co.uk/mynucleus
TRUE,,Nucleus,Unsecured Loan,"Eng, Scot, Wales",25000,350000,25,60,,,12,15000,No,Yes,Yes,Debenture,,"Monthly Repayments, Will do Legal Firms, Annual Rates of 16.75%, Will lend even if insolvent or loss making if MI is positive, If business is strong will do Used Car Sales & Construction",https://www.myfundingportal.co.uk/mynucleus
TRUE,,Nucleus,Unsecured Loan,"Eng, Scot, Wales",50000,500000,36,72,,,12,15000,No,Yes,Yes,Debenture,,"Monthly Repayments, Will do Legal Firms, Annual Rates of 14.95%",https://www.myfundingportal.co.uk/mynucleus
TRUE,,Nucleus,Unsecured Loan,"Eng, Scot, Wales",5000,25000,3,12,,,12,15000,No,Yes,No,N/A,Revenue based loan,"Will lend even id insolvent or loss making, Factor Rate of 1.35, Monthly Repayments",https://www.myfundingportal.co.uk/mynucleus
TRUE,,Nucleus,Unsecured Loan,"Eng, Scot, Wales",5000,50000,3,12,,,12,15000,No,Yes,Yes,N/A,Revenue based loan,"Will lend even id insolvent or loss making, Factor Rate of 1.3, Monthly Repayments",https://www.myfundingportal.co.uk/mynucleus
TRUE,,One Stop business Finance,Asset Finance,"Eng, Wales",100000,2500000,12,24,,,0,10000,No,Yes,Yes,"First or second charge on land or property, Need minimum of Â£180000 of equity",,"Can use residential or commercial property for security, Monthly rates from 1.65%, Maximum LTV is 75%, No ERC",liamkillen@osbf.co.uk
TRUE,,One Stop business Finance,Invoice Finance,"Eng, Wales",50000,1700000,12,0,,,0,10000,No,Yes,Yes,Debenture,"Debt purchase agreement also required, Up to 90% of all fundable debtor book, Service completed or product supplied at time of invoice",Bad debt protection of 0.85% of turnover,liamkillen@osbf.co.uk
TRUE,,One Stop business Finance,Asset Finance,"Eng, Wales",50000,2500000,6,24,,,0,10000,No,Yes,Yes,"First or second charge on land or property, Need minimum of Â£180000 of equity",,"Can use residential or commercial property for security, Monthly rates from 1.65%, Maximum LTV is 75%, No ERC",liamkillen@osbf.co.uk
TRUE,,One Stop business Finance,Invoice Finance,"Eng, Wales",50000,1750000,6,24,,,0,10000,No,Yes,Yes,First charge on land or property or development,,"Can use residential or commercial property for security, Monthly rates from 1.75%, Maximum LTC is 90% (max LTGDV 70%)",liamkillen@osbf.co.uk
TRUE,Apr-26,Out Fund,Unsecured Loan,"Eng, Scot, Wales, NI",25000,10000000,3,12,0.012,,12,25000,No,No,No,N/A,"Up to 20% ave annual revenue, All industries ex. Construction - adult - restaurants - financial - gambling - forestry, No HMRC arears and large CCJs, No bounced payments, No multiple short-term lenders",,https://app.out.fund/users/sign_in
TRUE,Apr-26,Playter,Unsecured loan,"Eng, Scot, Wales,",30000,500000,3,36,0.015,0.05,12,30000,No,Yes,Yes,CG's sometimes,"At least one director to be a UK permanent resident or British citizen, 50% of Directors appointed for at least 12 months","Early settlement from month 1, Sub-24hour SLA's usually, Story-book approach lender, Comission paid same week",https://app.playter.co/
TRUE,Apr-26,Playter,Unsecured loan,"Eng, Scot, Wales,",30000,100000,3,24,0.015,0.05,12,30000,No,Yes,No,CG's sometimes,"At least one director to be a UK permanent resident or British citizen, 50% of Directors appointed for at least 12 months","Early settlement from month 1, Sub-24hour SLA's usually, Story-book approach lender, Comission paid same week",https://app.playter.co/
TRUE,Apr-26,Playter,Non-revolving credit line,"Eng, Scot, Wales,",30000,100000,2,12,0.013,,12,30000,No,Yes,No,CG's sometimes,"At least one director to be a UK permanent resident or British citizen, 50% of Directors appointed for at least 12 months","Early settlement from month 1, Sub-24hour SLA's usually, Story-book approach lender, Comission paid same week, HMRC VAT, Paying contractors, Buying goods, Recruitment spend, Office costs, Technology spend, Marketing spend",https://app.playter.co/
TRUE,Apr-26,Playter,Revolving credit line,"Eng, Scot, Wales,",30000,100000,2,12,0.0118,,12,30000,No,Yes,Yes,CG's sometimes,"At least one director to be a UK permanent resident or British citizen, 50% of Directors appointed for at least 12 months","Early settlement from month 1, Sub-24hour SLA's usually, Story-book approach lender, Comission paid same week, HMRC VAT, Paying contractors, Buying goods, Recruitment spend, Office costs, Technology spend, Marketing spend",https://app.playter.co/
FALSE,,Rivers Leasing,Unsecured Loan,"Eng, Scot, Wales",10000,75000,3,12,,,3,10000,No,Yes,Yes,N/A,"No CCj's against Company or Director, Arrangement Fee is 4% of loan amount (can be added on)","Early Settlement - repayments outstanding less than 15%, Starting Factor Rate - 1.25",ian@riversleasing.com
FALSE,,Rivers Leasing,Unsecured Loan,"Eng, Scot, Wales",5000,50000,24,36,,,6,10000,No,Yes,Yes,N/A,"No CCj's against Company or Director, Arrangement Fee is 3% of loan amount (can be added on)","Early Settlement - repayments outstanding less than 3%, Monthly Repayment",ian@riversleasing.com
FALSE,,Rivers Leasing,Unsecured Loan,"Eng, Scot, Wales",5000,50000,24,60,,,6,10000,No,Yes,Yes,N/A,"No CCj's against Company or Director, Arrangement Fee is 3% of loan amount (can be added on)","Early Settlement - repayments outstanding less than 3%, Monthly Repayment",ian@riversleasing.com
FALSE,,Rivers Leasing,Asset Finance,"Eng, Scot, Wales",75001,250000,24,36,,,6,10000,No,Yes,Yes,N/A,"No CCj's against Company or Director, Arrangement Fee is 2.5% of loan amount + legal fees, Loan paid in Â£75k Tranches (minimum 2 weeks apart), 2nd Legal charge","Early Settlement - repayments outstanding less than 3%, Monthly Repayment",ian@riversleasing.com
FALSE,,Rivers Leasing,Asset Finance,"Eng, Scot, Wales",75001,250000,24,60,,,6,10000,No,Yes,Yes,N/A,"No CCj's against Company or Director, Arrangement Fee is 2.5% of loan amount + legal fees, Loan paid in Â£75k Tranches (minimum 2 weeks apart), 2nd Legal charge","Early Settlement - repayments outstanding less than 3%, Monthly Repayment",ian@riversleasing.com
FALSE,,Rivers Leasing,Asset Finance,"Eng, Scot, Wales",2000,75000,24,36,,,6,10000,No,Yes,Yes,N/A,"Finance Lease & Hire Purchase agreements, No CCj's against Company or Director, Document Fee Â£200 + VAT","Early Settlement - rentals outstanding less than 3%, Monthly Repayment",ian@riversleasing.com
TRUE,,Seneca Trade Partners,Asset Finance,"Eng, Scot, Wales, NI",25000,300000,0,12,,,12,20000,No,Yes,Yes,"Secured against residential or commercial property, They will lend up to 50% of equity, ",90 days to repay drawdown,"Can pay suppliers direct or provide funds to business, No charge required over stock, Interest only paid on outstanding balance. No Drawdowns no charges, 1 month rolling contract after 12 months is up",jp@senecatradepartners.com
TRUE,,Seneca Trade Partners,Revolving Credit Facility,"Eng, Scot, Wales, NI",25000,100000,0,12,,,12,20000,No,Yes,Yes,"Secured against residential or commercial property, They will lend up to 50% of equity, ",90 days to repay drawdown,"Provided with client Portal to manage facility, Multiple Drawdowns available, Interest only paid on outstanding balance. No Drawdowns no charges",jp@senecatradepartners.com
TRUE,,Simply Funded,Unsecured Loan,"Eng, Scot, Wales, NI",5000,100000,3,12,,,6,4000,No,Yes,No,N/A,"10k minimum Balance Sheet requirement, 25% minimum Ownership requirement",Daily or Weekly Repayments,Applications@simplyfunded.co.uk
TRUE,,Swiftfund,Unsecured Loan,"Eng, Scot, Wales, NI",10000,100000,3,10,,,6,20000,Yes,Yes,No,N/A,"Can't fund car sales or legal firms, Factor Rates from 1.3 - 1.5, Arrangement Fee can be added to loan","Will stack on multiple existing lending, Daily or Weekly Repayments, Happy to lend even with existing Debenture",sam@Swiftfund.co.uk
TRUE,,Swiftfund,Unsecured Loan,"Eng, Scot, Wales, NI",100001,250000,3,10,,,6,20000,Yes,Yes,No,N/A,"Can't fund car sales legal firms property development, Factor Rates from 1.3 - 1.5, Arrangement Fee can be added to loan, Debenture Required","Will stack on multiple existing lending, Daily or Weekly Repayments",sam@Swiftfund.co.uk
FALSE,,Swishfund,Unsecured Loan,"Eng, Scot, Wales, NI",0,50000,0,24,,,12,4000,No,Yes,No,N/A,"Will not lend to construction or second hand car dealers, can not have more than 3 existing lenders, One year affordability is profit before tax in accounts","Early settlement is cheapest on the market, No early settlement fees, Monthly Repayment",https://www.swishfund.co.uk/brokerportal/
FALSE,,Swishfund,Unsecured Loan,"Eng, Scot, Wales, NI",50000,150000,0,24,,,12,4000,No,Yes,Yes,N/A,"No more than 10 direct debit reversals in 3 months, Must show profit in previous 2 years accounts, One year affordability is profit before tax in accounts, Require 12 months banking transactions via open banking, monthly rates from 1.1% - 2.99%, can not have more than 3 existing lenders","Early settlement is cheapest on the market, No early settlement fees, Monthly Repayment",https://www.swishfund.co.uk/brokerportal/
FALSE,,Swishfund,Asset Finance,"Eng, Scot, Wales, NI",150000,400000,0,24,,,12,4000,No,Yes,Yes,N/A,"No more than 10 direct debit reversals in 3 months, Must show profit in previous 2 years accounts, One year affordability is profit before tax in accounts, Require 12 months banking transactions via open banking, monthly rates from 1.1% - 2.99%, can not have more than 3 existing lenders, Monthly rates from 1.1%- 2.99%","Early settlement is cheapest on the market, No early settlement fees, Monthly Repayment",https://www.swishfund.co.uk/brokerportal/
TRUE,,TP24,Revolving Credit Facility,"Eng, Scot, Wales, NI",250000,5000000,3,3,,,36,85000,No,Yes,No,Assignment over bank accounts required,"Minimum 3 Full Time Employees, Â£300k + Trade / Accounts Receivables, Solvent Balance Sheet","Very little admin once setup due to linked accounts, Rolling facility - not contracted in after initial 3 months, Monthly rates of 0.5% - 0.75% (+ SONIA)",kevin.vendel@tradeplus24.co.uk
TRUE,,Triver,Invoice Finance,"Eng, Scot, Wales, NI",10000,250000,0,60,,,24,8333,No,No,No,N/A,"Trading B2B with UK businesses or public sector entities, No outstanding charges that cover receivables  with a negative pledge"," 99% invoice advance, 0.06% daily discount fee (no other fees),  Open ended facility - no expiry, Unsecured - no PG or debenture,  No paperwork - only Open Banking required,  No requirement for a trust account,  No setup fee",https://pulse.triver.com/_hcms/mem/login?hsLang=en
TRUE,,YouLend,Merchant Cash Advance,"Eng, Scot, Wales, NI",5,100000,1,12,,,3,5000,No,Yes,No,N/A,"Must be doing over Â£5000 monthly card sales, Will offer up to 2x average monthly sales, Won't deal with car sales, firearms, gambling companies","Fixed fee 3-35% of financing amount, Various sweep % available, can look at online & card sales",https://youlend.eu.auth0.com/login?state=hKFo2SBTa3RSMjdfRFFYZnNYb2tLLUQ1WERiRFRFNHdOakRvQaFupWxvZ2luo3RpZNkgVjFBTTVwSVJ1MmFyTUpzNS10Zk01SlA1cjR6ejRmbESjY2lk2SAwcVJnSm9kVEZhZVg0aXJYbjBFQnFTVEhlNUxWRldkWg&client=0qRgJodTFaeX4irXn0EBqSTHe5LVFWdZ&protocol=oauth2&redirect_uri=https%3A%2F%2Fyoulend.com%2Fdashboard%2Fpartners%2Fen%2Flogin-callback&audience=https%3A%2F%2Fylcustomerapi.com&responseType=token%20id_token%20refresh_token&scope=openid%20profile%20email%20offline_access&response_type=code&response_mode=query&nonce=SjVOM3lxaU12Y1J3Zmo3VjU2dDh0OWF5bHcwdVFoa0Zwdnd6Rk5YTTZIWg%3D%3D&code_challenge=brLbXTGomhOS5214sxKBwZN98yT0CffnRRLY1XmcV3g&code_challenge_method=S256&auth0Client=eyJuYW1lIjoiQGF1dGgwL2F1dGgwLWFuZ3VsYXIiLCJ2ZXJzaW9uIjoiMS4xMS4xIiwiZW52Ijp7ImFuZ3VsYXIvY29yZSI6IjE4LjIuMTMifX0%3D
TRUE,,YouLend,Merchant Cash Advance,"Eng, Scot, Wales, NI",100001,2000000,1,12,,,3,5000,No,Yes,No,N/A,"Must be doing over Â£5000 monthly card sales, Will offer up to 2x average monthly sales, Won't deal with car sales, firearms, gambling companies","Fixed fee 3-35% of financing amount, Various sweep % available, can look at online & card sales",https://youlend.eu.auth0.com/login?state=hKFo2SBTa3RSMjdfRFFYZnNYb2tLLUQ1WERiRFRFNHdOakRvQaFupWxvZ2luo3RpZNkgVjFBTTVwSVJ1MmFyTUpzNS10Zk01SlA1cjR6ejRmbESjY2lk2SAwcVJnSm9kVEZhZVg0aXJYbjBFQnFTVEhlNUxWRldkWg&client=0qRgJodTFaeX4irXn0EBqSTHe5LVFWdZ&protocol=oauth2&redirect_uri=https%3A%2F%2Fyoulend.com%2Fdashboard%2Fpartners%2Fen%2Flogin-callback&audience=https%3A%2F%2Fylcustomerapi.com&responseType=token%20id_token%20refresh_token&scope=openid%20profile%20email%20offline_access&response_type=code&response_mode=query&nonce=SjVOM3lxaU12Y1J3Zmo3VjU2dDh0OWF5bHcwdVFoa0Zwdnd6Rk5YTTZIWg%3D%3D&code_challenge=brLbXTGomhOS5214sxKBwZN98yT0CffnRRLY1XmcV3g&code_challenge_method=S256&auth0Client=eyJuYW1lIjoiQGF1dGgwL2F1dGgwLWFuZ3VsYXIiLCJ2ZXJzaW9uIjoiMS4xMS4xIiwiZW52Ijp7ImFuZ3VsYXIvY29yZSI6IjE4LjIuMTMifX0%3D
TRUE,,YouLend,Merchant Cash Advance,"Eng, Scot, Wales, NI",200001,2000000,1,12,,,3,5000,No,Yes,No,N/A,"Must be doing over Â£5000 monthly card sales, Will offer up to 2x average monthly sales, Won't deal with car sales, firearms, gambling companies","Fixed fee 3-35% of financing amount, Various sweep % available, can look at online & card sales",https://youlend.eu.auth0.com/login?state=hKFo2SBTa3RSMjdfRFFYZnNYb2tLLUQ1WERiRFRFNHdOakRvQaFupWxvZ2luo3RpZNkgVjFBTTVwSVJ1MmFyTUpzNS10Zk01SlA1cjR6ejRmbESjY2lk2SAwcVJnSm9kVEZhZVg0aXJYbjBFQnFTVEhlNUxWRldkWg&client=0qRgJodTFaeX4irXn0EBqSTHe5LVFWdZ&protocol=oauth2&redirect_uri=https%3A%2F%2Fyoulend.com%2Fdashboard%2Fpartners%2Fen%2Flogin-callback&audience=https%3A%2F%2Fylcustomerapi.com&responseType=token%20id_token%20refresh_token&scope=openid%20profile%20email%20offline_access&response_type=code&response_mode=query&nonce=SjVOM3lxaU12Y1J3Zmo3VjU2dDh0OWF5bHcwdVFoa0Zwdnd6Rk5YTTZIWg%3D%3D&code_challenge=brLbXTGomhOS5214sxKBwZN98yT0CffnRRLY1XmcV3g&code_challenge_method=S256&auth0Client=eyJuYW1lIjoiQGF1dGgwL2F1dGgwLWFuZ3VsYXIiLCJ2ZXJzaW9uIjoiMS4xMS4xIiwiZW52Ijp7ImFuZ3VsYXIvY29yZSI6IjE4LjIuMTMifX0%3D
TRUE,Apr-26,iwoca,Unsecured Loan,"Eng, Scot, Wales, NI",0,1000000,36,60,0.0095,,12,5000,No,Yes,No,N/A,Instant Decisions available up to £100k,No Early Repayment Charges,https://www.iwoca.co.uk/introducer/portal
TRUE,Apr-26,Fleximize,Secured Loan,"Eng, Scot, Wales",10000,500000,12,60,0.009,0.029,12,0,No,Yes,Yes,Equitable charge over property,Loan amt must not exceed 2 x monthly revenue,"No Early Repayment Charges, Only pay interest on time loan is active so can save on total repayment by repaying early, Monthly Rates between 1.9% - 3.9%, Monthly Repayment",https://partners.fleximize.com/login
TRUE,Apr-26,Fleximize,Secured Loan,"Eng, Scot, Wales",10000,500000,3,12,0.019,0.039,6,0,No,Yes,Yes,Equitable charge over property,Loan amt must not exceed 2 x monthly revenue,"No Early Repayment Charges, Only pay interest on time loan is active so can save on total repayment by repaying early, Monthly Rates between 0.9% - 2.9%, Monthly Repayment",https://partners.fleximize.com/login
TRUE,,Reward ,,,,,,,,,,,,,,,,,
TRUE,Apr-26,British Businss Bank,Start Up Loan,"Eng, Scot, Wales",500,25000,12,60,0.00625,0.00625,0,0,No,No,No,N/A,"https://www.startuploans.co.uk, Helpline 0344 264 2600","Won’t need to supply any assets or guarantors to support their application, Enjoy free application support, Make use of our free post-loan support and mentoring, Can use our free business document templates and guides, Won’t have to pay any application or set-up fees.",
